<?xml version="1.0" encoding="UTF-8"?>
<!DOCTYPE hibernate-configuration PUBLIC "-//Hibernate/Hibernate Configuration DTD 3.0//EN" "http://hibernate.sourceforge.net/hibernate-configuration-3.0.dtd">
<hibernate-configuration>
  <session-factory>
    <property name="hibernate.dialect">org.hibernate.dialect.MariaDBDialect</property>
    <property name="hibernate.connection.driver_class">com.mysql.jdbc.Driver</property>
    <property name="hibernate.connection.url">jdbc:mysql://localhost:3306/oopl20211?useLegacyDatetimeCode=false&amp;serverTimezone=UTC</property>
    <property name="hibernate.show_sql">true</property>
    <property name="hbm2ddl.auto">update</property>
    <property name="hibernate.connection.username">root</property>
    <mapping class="com.rico.model.FeMember"/>
    <mapping class="com.rico.model.FePoint"/>
    <mapping class="com.rico.model.FeTransaction"/>
  </session-factory>
</hibernate-configuration>
